FirstName,LastName,Username,Email,Address,Country,State,Zip,Payment,NameCard,CreditCard,Expiration,Cvv
John,Smith,john.smith3845,john.smith@example.com,4872 Smith St,USA,CA,90210,Credit Card,John Smith,4532-1824-9485-1248,05/2027,348
Jane,Johnson,jane.johnson7294,jane.johnson@example.com,6534 Johnson St,Canada,NY,10001,Credit Card,Jane Johnson,4647-3548-7284-6385,09/2025,512
Michael,Williams,michael.williams9384,michael.williams@example.com,7213 Williams St,Brazil,TX,73301,Credit Card,Michael Williams,4125-7893-6485-2517,12/2026,389
Emily,Jones,emily.jones4821,emily.jones@example.com,3892 Jones St,UK,FL,33101,Credit Card,Emily Jones,4768-3917-2846-9715,03/2024,274
Chris,Brown,chris.brown3852,chris.brown@example.com,8473 Brown St,Germany,IL,60601,Credit Card,Chris Brown,4328-1567-4823-7192,11/2026,645
Sara,Davis,sara.davis9156,sara.davis@example.com,2938 Davis St,France,PA,19103,Credit Card,Sara Davis,4947-8612-7843-2417,01/2025,507
David,Miller,david.miller2839,david.miller@example.com,7341 Miller St,Australia,OH,44101,Credit Card,David Miller,4783-6412-5849-3142,07/2024,296
Laura,Wilson,laura.wilson4723,laura.wilson@example.com,6423 Wilson St,Italy,MI,48201,Credit Card,Laura Wilson,4412-6385-9473-2654,08/2025,614
James,Moore,james.moore1947,james.moore@example.com,1582 Moore St,Spain,GA,30301,Credit Card,James Moore,4952-4728-6357-3918,04/2026,284
Olivia,Taylor,olivia.taylor7281,olivia.taylor@example.com,8419 Taylor St,Mexico,NC,27501,Credit Card,Olivia Taylor,4829-1524-8364-2957,06/2027,381
John,Williams,john.williams8574,john.williams@example.com,9257 Williams St,USA,CA,90210,Credit Card,John Williams,4728-9315-4758-2164,11/2025,523
Jane,Smith,jane.smith3819,jane.smith@example.com,4829 Smith St,Canada,NY,10001,Credit Card,Jane Smith,4529-8317-3916-8473,10/2026,268
Michael,Jones,michael.jones4837,michael.jones@example.com,7159 Jones St,Brazil,TX,73301,Credit Card,Michael Jones,4821-5748-9362-4827,09/2024,312
Emily,Brown,emily.brown9375,emily.brown@example.com,6348 Brown St,UK,FL,33101,Credit Card,Emily Brown,4916-5724-8372-4913,03/2027,287
Chris,Johnson,chris.johnson8259,chris.johnson@example.com,7319 Johnson St,Germany,IL,60601,Credit Card,Chris Johnson,4657-9327-1839-2475,12/2025,634
Sara,Williams,sara.williams1627,sara.williams@example.com,9843 Williams St,France,PA,19103,Credit Card,Sara Williams,4623-1495-8372-4956,07/2026,341
David,Smith,david.smith3917,david.smith@example.com,3159 Smith St,Australia,OH,44101,Credit Card,David Smith,4817-3948-2763-9485,05/2025,519
Laura,Brown,laura.brown6273,laura.brown@example.com,6297 Brown St,Italy,MI,48201,Credit Card,Laura Brown,4329-1583-9264-8274,01/2026,273
James,Taylor,james.taylor2745,james.taylor@example.com,4928 Taylor St,Spain,GA,30301,Credit Card,James Taylor,4627-1984-6273-8492,04/2027,536
Olivia,Moore,olivia.moore7529,olivia.moore@example.com,8174 Moore St,Mexico,NC,27501,Credit Card,Olivia Moore,4973-4816-2957-8137,08/2026,254
